REGION,FORECAST_DATE,MODEL1,MODEL2,MODEL3,MODEL4,MODEL5,ACTUALORDERUNIT,CREATED_DATE,UPDATED_DATE
EMEA,25-07-2024 05:00,118,117,107,133,,,25-07-2024,25-07-2024
EMEA,25-07-2024 06:00,233,232,230,175,,,25-07-2024,25-07-2024
EMEA,25-07-2024 07:00,363,368,431,219,,,25-07-2024,25-07-2024
EMEA,25-07-2024 08:00,731,714,659,263,,,25-07-2024,25-07-2024
EMEA,25-07-2024 09:00,931,928,889,304,,,25-07-2024,25-07-2024
EMEA,25-07-2024 10:00,1125,1112,1001,339,,,25-07-2024,25-07-2024
EMEA,25-07-2024 11:00,1075,1074,999,365,,,25-07-2024,25-07-2024
EMEA,25-07-2024 12:00,1083,1092,999,382,,,25-07-2024,25-07-2024
EMEA,25-07-2024 13:00,973,990,1042,388,,,25-07-2024,25-07-2024
EMEA,25-07-2024 14:00,1220,1209,1090,382,,,25-07-2024,25-07-2024
EMEA,25-07-2024 15:00,863,873,947,366,,,25-07-2024,25-07-2024
EMEA,25-07-2024 16:00,744,718,744,340,,,25-07-2024,25-07-2024
EMEA,25-07-2024 17:00,543,547,505,307,,,25-07-2024,25-07-2024
EMEA,25-07-2024 18:00,342,344,317,269,,,25-07-2024,25-07-2024
EMEA,25-07-2024 19:00,285,279,265,229,,,25-07-2024,25-07-2024
EMEA,25-07-2024 20:00,191,196,206,188,,,25-07-2024,25-07-2024
EMEA,25-07-2024 21:00,135,178,169,150,,,25-07-2024,25-07-2024
EMEA,25-07-2024 22:00,79,83,117,117,,,25-07-2024,25-07-2024
EMEA,25-07-2024 23:00,35,46,87,89,,,25-07-2024,25-07-2024
EMEA,26-07-2024 00:00,29,39,51,12,,,25-07-2024,25-07-2024
EMEA,26-07-2024 01:00,39,38,53,19,,,25-07-2024,25-07-2024
EMEA,26-07-2024 02:00,18,19,52,33,,,25-07-2024,25-07-2024
EMEA,26-07-2024 03:00,27,27,52,54,,,25-07-2024,25-07-2024
EMEA,26-07-2024 04:00,73,72,52,83,,,25-07-2024,25-07-2024
EMEA,26-07-2024 05:00,174,147,97,117,,,25-07-2024,25-07-2024
EMEA,26-07-2024 06:00,263,278,220,156,,,25-07-2024,25-07-2024
EMEA,26-07-2024 07:00,436,430,414,198,,,25-07-2024,25-07-2024
EMEA,26-07-2024 08:00,554,563,640,239,,,25-07-2024,25-07-2024
EMEA,26-07-2024 09:00,767,814,870,277,,,25-07-2024,25-07-2024
EMEA,26-07-2024 10:00,953,949,982,310,,,25-07-2024,25-07-2024
EMEA,26-07-2024 11:00,881,889,980,335,,,25-07-2024,25-07-2024
EMEA,26-07-2024 12:00,898,896,980,351,,,25-07-2024,25-07-2024
EMEA,26-07-2024 13:00,969,959,1001,357,,,25-07-2024,25-07-2024
EMEA,26-07-2024 14:00,959,983,1023,351,,,25-07-2024,25-07-2024
EMEA,26-07-2024 15:00,849,848,918,336,,,25-07-2024,25-07-2024
EMEA,26-07-2024 16:00,689,687,741,312,,,25-07-2024,25-07-2024
EMEA,26-07-2024 17:00,490,497,501,281,,,25-07-2024,25-07-2024
EMEA,26-07-2024 18:00,293,301,313,245,,,25-07-2024,25-07-2024
EMEA,26-07-2024 19:00,230,240,262,207,,,25-07-2024,25-07-2024
EMEA,26-07-2024 20:00,142,147,203,169,,,25-07-2024,25-07-2024
EMEA,26-07-2024 21:00,119,125,167,134,,,25-07-2024,25-07-2024
EMEA,26-07-2024 22:00,131,127,115,103,,,25-07-2024,25-07-2024
EMEA,26-07-2024 23:00,77,75,85,78,,,25-07-2024,25-07-2024
EMEA,27-07-2024 00:00,8,17,12,10,,,25-07-2024,25-07-2024
EMEA,27-07-2024 01:00,38,34,14,15,,,25-07-2024,25-07-2024
EMEA,27-07-2024 02:00,9,16,12,26,,,25-07-2024,25-07-2024
EMEA,27-07-2024 03:00,14,14,6,45,,,25-07-2024,25-07-2024
EMEA,27-07-2024 04:00,15,14,6,70,,,25-07-2024,25-07-2024
EMEA,27-07-2024 05:00,10,10,31,101,,,25-07-2024,25-07-2024
EMEA,27-07-2024 06:00,21,19,67,137,,,25-07-2024,25-07-2024
EMEA,27-07-2024 07:00,33,34,71,175,,,25-07-2024,25-07-2024
EMEA,27-07-2024 08:00,75,74,83,213,,,25-07-2024,25-07-2024
EMEA,27-07-2024 09:00,87,87,99,248,,,25-07-2024,25-07-2024
EMEA,27-07-2024 10:00,88,89,103,279,,,25-07-2024,25-07-2024
EMEA,27-07-2024 11:00,80,81,101,302,,,25-07-2024,25-07-2024
EMEA,27-07-2024 12:00,91,90,101,317,,,25-07-2024,25-07-2024
EMEA,27-07-2024 13:00,91,91,103,322,,,25-07-2024,25-07-2024
EMEA,27-07-2024 14:00,69,69,111,317,,,25-07-2024,25-07-2024
EMEA,27-07-2024 15:00,93,93,42,303,,,25-07-2024,25-07-2024
EMEA,27-07-2024 16:00,96,96,42,281,,,25-07-2024,25-07-2024
EMEA,27-07-2024 17:00,80,81,71,252,,,25-07-2024,25-07-2024
EMEA,27-07-2024 18:00,55,56,85,219,,,25-07-2024,25-07-2024
EMEA,27-07-2024 19:00,60,59,64,184,,,25-07-2024,25-07-2024
EMEA,27-07-2024 20:00,57,57,76,150,,,25-07-2024,25-07-2024
EMEA,27-07-2024 21:00,59,67,91,118,,,25-07-2024,25-07-2024
EMEA,27-07-2024 22:00,49,49,67,90,,,25-07-2024,25-07-2024
EMEA,27-07-2024 23:00,35,32,49,67,,,25-07-2024,25-07-2024
EMEA,28-07-2024 00:00,16,15,11,10,,,25-07-2024,25-07-2024
EMEA,28-07-2024 01:00,8,7,13,13,,,25-07-2024,25-07-2024
EMEA,28-07-2024 02:00,8,7,11,22,,,25-07-2024,25-07-2024
EMEA,28-07-2024 03:00,4,4,5,38,,,25-07-2024,25-07-2024
EMEA,28-07-2024 04:00,11,11,5,60,,,25-07-2024,25-07-2024
EMEA,28-07-2024 05:00,7,7,29,87,,,25-07-2024,25-07-2024
EMEA,28-07-2024 06:00,21,21,66,118,,,25-07-2024,25-07-2024
EMEA,28-07-2024 07:00,57,56,69,152,,,25-07-2024,25-07-2024
EMEA,28-07-2024 08:00,57,60,85,186,,,25-07-2024,25-07-2024
EMEA,28-07-2024 09:00,76,78,103,218,,,25-07-2024,25-07-2024
EMEA,28-07-2024 10:00,114,102,107,246,,,25-07-2024,25-07-2024
EMEA,28-07-2024 11:00,73,82,105,267,,,25-07-2024,25-07-2024
EMEA,28-07-2024 12:00,103,94,105,281,,,25-07-2024,25-07-2024
EMEA,28-07-2024 13:00,111,104,107,285,,,25-07-2024,25-07-2024
EMEA,28-07-2024 14:00,79,85,116,281,,,25-07-2024,25-07-2024
EMEA,28-07-2024 15:00,83,95,59,268,,,25-07-2024,25-07-2024
EMEA,28-07-2024 16:00,135,133,65,248,,,25-07-2024,25-07-2024
EMEA,28-07-2024 17:00,72,83,102,222,,,25-07-2024,25-07-2024
EMEA,28-07-2024 18:00,30,44,116,193,,,25-07-2024,25-07-2024
EMEA,28-07-2024 19:00,51,72,99,162,,,25-07-2024,25-07-2024
EMEA,28-07-2024 20:00,218,197,110,131,,,25-07-2024,25-07-2024
EMEA,28-07-2024 21:00,610,554,125,103,,,25-07-2024,25-07-2024
EMEA,28-07-2024 22:00,77,76,101,78,,,25-07-2024,25-07-2024
EMEA,28-07-2024 23:00,38,40,79,59,,,25-07-2024,25-07-2024
EMEA,29-07-2024 00:00,16,20,63,38,,,25-07-2024,25-07-2024
EMEA,29-07-2024 01:00,99,91,65,51,,,25-07-2024,25-07-2024
EMEA,29-07-2024 02:00,28,31,60,71,,,25-07-2024,25-07-2024
EMEA,29-07-2024 03:00,41,41,60,98,,,25-07-2024,25-07-2024
EMEA,29-07-2024 04:00,20,23,60,133,,,25-07-2024,25-07-2024
EMEA,29-07-2024 05:00,86,87,99,174,,,25-07-2024,25-07-2024
EMEA,29-07-2024 06:00,209,209,224,219,,,25-07-2024,25-07-2024
EMEA,29-07-2024 07:00,415,424,412,266,,,25-07-2024,25-07-2024
EMEA,29-07-2024 08:00,728,722,638,312,,,25-07-2024,25-07-2024
EMEA,29-07-2024 09:00,932,931,868,355,,,25-07-2024,25-07-2024
EMEA,29-07-2024 10:00,961,960,961,391,,,25-07-2024,25-07-2024
EMEA,29-07-2024 11:00,974,969,943,419,,,25-07-2024,25-07-2024
EMEA,29-07-2024 12:00,974,974,943,436,,,25-07-2024,25-07-2024
EMEA,29-07-2024 13:00,1147,1129,1013,441,,,25-07-2024,25-07-2024
EMEA,29-07-2024 14:00,967,978,1035,435,,,25-07-2024,25-07-2024
EMEA,29-07-2024 15:00,884,889,895,418,,,25-07-2024,25-07-2024
EMEA,29-07-2024 16:00,648,663,692,391,,,25-07-2024,25-07-2024
EMEA,29-07-2024 17:00,448,446,453,357,,,25-07-2024,25-07-2024
EMEA,29-07-2024 18:00,252,252,293,317,,,25-07-2024,25-07-2024
EMEA,29-07-2024 19:00,247,254,242,274,,,25-07-2024,25-07-2024
EMEA,29-07-2024 20:00,194,197,188,231,,,25-07-2024,25-07-2024
EMEA,29-07-2024 21:00,154,156,150,190,,,25-07-2024,25-07-2024
EMEA,29-07-2024 22:00,108,108,103,154,,,25-07-2024,25-07-2024
EMEA,29-07-2024 23:00,66,65,73,122,,,25-07-2024,25-07-2024
EMEA,30-07-2024 00:00,45,45,55,30,,,25-07-2024,25-07-2024
EMEA,30-07-2024 01:00,24,26,57,41,,,25-07-2024,25-07-2024
EMEA,30-07-2024 02:00,41,38,58,60,,,25-07-2024,25-07-2024
EMEA,30-07-2024 03:00,31,31,58,87,,,25-07-2024,25-07-2024
EMEA,30-07-2024 04:00,36,36,58,122,,,25-07-2024,25-07-2024
EMEA,30-07-2024 05:00,119,115,108,162,,,25-07-2024,25-07-2024
EMEA,30-07-2024 06:00,236,236,231,207,,,25-07-2024,25-07-2024
EMEA,30-07-2024 07:00,497,497,435,255,,,25-07-2024,25-07-2024
EMEA,30-07-2024 08:00,549,550,663,301,,,25-07-2024,25-07-2024
EMEA,30-07-2024 09:00,1008,1022,893,344,,,25-07-2024,25-07-2024
EMEA,30-07-2024 10:00,1001,1008,1004,380,,,25-07-2024,25-07-2024
EMEA,30-07-2024 11:00,1115,1116,1003,408,,,25-07-2024,25-07-2024
EMEA,30-07-2024 12:00,1061,1056,1003,426,,,25-07-2024,25-07-2024
EMEA,30-07-2024 13:00,1156,1159,1046,431,,,25-07-2024,25-07-2024
EMEA,30-07-2024 14:00,1189,1183,1094,425,,,25-07-2024,25-07-2024
EMEA,30-07-2024 15:00,963,961,948,408,,,25-07-2024,25-07-2024
EMEA,30-07-2024 16:00,713,712,745,381,,,25-07-2024,25-07-2024
EMEA,30-07-2024 17:00,478,472,506,346,,,25-07-2024,25-07-2024
EMEA,30-07-2024 18:00,322,318,317,306,,,25-07-2024,25-07-2024
EMEA,30-07-2024 19:00,263,264,266,263,,,25-07-2024,25-07-2024
EMEA,30-07-2024 20:00,211,211,207,220,,,25-07-2024,25-07-2024
EMEA,30-07-2024 21:00,172,163,169,179,,,25-07-2024,25-07-2024
EMEA,30-07-2024 22:00,107,108,118,143,,,25-07-2024,25-07-2024
EMEA,30-07-2024 23:00,55,56,87,112,,,25-07-2024,25-07-2024
EMEA,31-07-2024 00:00,47,47,58,22,,,25-07-2024,25-07-2024
EMEA,31-07-2024 01:00,55,56,60,32,,,25-07-2024,25-07-2024
EMEA,31-07-2024 02:00,12,15,61,50,,,25-07-2024,25-07-2024
EMEA,31-07-2024 03:00,28,29,61,76,,,25-07-2024,25-07-2024
EMEA,31-07-2024 04:00,53,50,61,109,,,25-07-2024,25-07-2024
EMEA,31-07-2024 05:00,102,102,107,149,,,25-07-2024,25-07-2024
EMEA,31-07-2024 06:00,251,246,230,192,,,25-07-2024,25-07-2024
EMEA,31-07-2024 07:00,459,460,431,239,,,25-07-2024,25-07-2024
EMEA,31-07-2024 08:00,666,665,659,284,,,25-07-2024,25-07-2024
EMEA,31-07-2024 09:00,846,869,889,326,,,25-07-2024,25-07-2024
EMEA,31-07-2024 10:00,1056,1055,1001,363,,,25-07-2024,25-07-2024
EMEA,31-07-2024 11:00,1157,1162,999,390,,,25-07-2024,25-07-2024
EMEA,31-07-2024 12:00,1022,1030,999,407,,,25-07-2024,25-07-2024
EMEA,31-07-2024 13:00,1065,1062,1042,413,,,25-07-2024,25-07-2024
EMEA,31-07-2024 14:00,1137,1137,1090,407,,,25-07-2024,25-07-2024
EMEA,31-07-2024 15:00,979,969,947,390,,,25-07-2024,25-07-2024
EMEA,31-07-2024 16:00,618,626,744,364,,,25-07-2024,25-07-2024
EMEA,31-07-2024 17:00,476,481,505,329,,,25-07-2024,25-07-2024
EMEA,31-07-2024 18:00,304,309,317,290,,,25-07-2024,25-07-2024
EMEA,31-07-2024 19:00,371,350,265,247,,,25-07-2024,25-07-2024
EMEA,31-07-2024 20:00,242,236,206,205,,,25-07-2024,25-07-2024
EMEA,31-07-2024 21:00,258,270,169,166,,,25-07-2024,25-07-2024
EMEA,31-07-2024 22:00,110,108,117,130,,,25-07-2024,25-07-2024
EMEA,31-07-2024 23:00,143,133,87,101,,,25-07-2024,25-07-2024
EMEA,01-08-2024 00:00,29,31,58,23,,,25-07-2024,25-07-2024
EMEA,01-08-2024 01:00,38,42,60,31,,,25-07-2024,25-07-2024
EMEA,01-08-2024 02:00,45,46,61,46,,,25-07-2024,25-07-2024
APJ,25-07-2024 05:00,643,664,697,422,,,25-07-2024,25-07-2024
APJ,25-07-2024 06:00,795,846,869,415,,,25-07-2024,25-07-2024
APJ,25-07-2024 07:00,943,933,913,398,,,25-07-2024,25-07-2024
APJ,25-07-2024 08:00,1035,1053,913,373,,,25-07-2024,25-07-2024
APJ,25-07-2024 09:00,879,869,792,341,,,25-07-2024,25-07-2024
APJ,25-07-2024 10:00,619,644,575,303,,,25-07-2024,25-07-2024
APJ,25-07-2024 11:00,364,379,427,261,,,25-07-2024,25-07-2024
APJ,25-07-2024 12:00,222,237,312,216,,,25-07-2024,25-07-2024
APJ,25-07-2024 13:00,126,145,222,172,,,25-07-2024,25-07-2024
APJ,25-07-2024 14:00,122,124,150,130,,,25-07-2024,25-07-2024
APJ,25-07-2024 15:00,106,107,98,93,,,25-07-2024,25-07-2024
APJ,25-07-2024 16:00,54,58,73,62,,,25-07-2024,25-07-2024
APJ,25-07-2024 17:00,35,35,42,38,,,25-07-2024,25-07-2024
APJ,25-07-2024 18:00,28,26,42,23,,,25-07-2024,25-07-2024
APJ,25-07-2024 19:00,12,12,35,15,,,25-07-2024,25-07-2024
APJ,25-07-2024 20:00,18,17,35,16,,,25-07-2024,25-07-2024
APJ,25-07-2024 21:00,30,29,35,22,,,25-07-2024,25-07-2024
APJ,25-07-2024 22:00,73,70,56,35,,,25-07-2024,25-07-2024
APJ,25-07-2024 23:00,138,135,96,51,,,25-07-2024,25-07-2024
APJ,26-07-2024 00:00,276,277,306,341,,,25-07-2024,25-07-2024
APJ,26-07-2024 01:00,794,781,686,361,,,25-07-2024,25-07-2024
APJ,26-07-2024 02:00,767,785,835,377,,,25-07-2024,25-07-2024
APJ,26-07-2024 03:00,856,842,819,389,,,25-07-2024,25-07-2024
APJ,26-07-2024 04:00,714,716,758,396,,,25-07-2024,25-07-2024
APJ,26-07-2024 05:00,915,924,876,396,,,25-07-2024,25-07-2024
APJ,26-07-2024 06:00,985,1008,1048,388,,,25-07-2024,25-07-2024
APJ,26-07-2024 07:00,1238,1206,1093,372,,,25-07-2024,25-07-2024
APJ,26-07-2024 08:00,1248,1257,1093,349,,,25-07-2024,25-07-2024
APJ,26-07-2024 09:00,1064,1083,1005,319,,,25-07-2024,25-07-2024
APJ,26-07-2024 10:00,1016,999,820,282,,,25-07-2024,25-07-2024
APJ,26-07-2024 11:00,671,671,653,242,,,25-07-2024,25-07-2024
APJ,26-07-2024 12:00,416,431,484,200,,,25-07-2024,25-07-2024
APJ,26-07-2024 13:00,273,271,359,158,,,25-07-2024,25-07-2024
APJ,26-07-2024 14:00,238,249,280,119,,,25-07-2024,25-07-2024
APJ,26-07-2024 15:00,177,170,169,84,,,25-07-2024,25-07-2024
APJ,26-07-2024 16:00,99,100,144,55,,,25-07-2024,25-07-2024
APJ,26-07-2024 17:00,34,34,91,33,,,25-07-2024,25-07-2024
APJ,26-07-2024 18:00,19,47,84,19,,,25-07-2024,25-07-2024
APJ,26-07-2024 19:00,19,20,72,13,,,25-07-2024,25-07-2024
APJ,26-07-2024 20:00,23,22,72,14,,,25-07-2024,25-07-2024
APJ,26-07-2024 21:00,10,10,72,22,,,25-07-2024,25-07-2024
APJ,26-07-2024 22:00,16,17,81,34,,,25-07-2024,25-07-2024
APJ,26-07-2024 23:00,28,27,107,50,,,25-07-2024,25-07-2024
APJ,27-07-2024 00:00,67,69,55,318,,,25-07-2024,25-07-2024
APJ,27-07-2024 01:00,47,51,80,335,,,25-07-2024,25-07-2024
APJ,27-07-2024 02:00,55,55,90,350,,,25-07-2024,25-07-2024
APJ,27-07-2024 03:00,97,98,74,361,,,25-07-2024,25-07-2024
APJ,27-07-2024 04:00,81,81,51,366,,,25-07-2024,25-07-2024
APJ,27-07-2024 05:00,44,48,80,366,,,25-07-2024,25-07-2024
APJ,27-07-2024 06:00,49,52,83,358,,,25-07-2024,25-07-2024
APJ,27-07-2024 07:00,79,74,103,344,,,25-07-2024,25-07-2024
APJ,27-07-2024 08:00,72,72,111,322,,,25-07-2024,25-07-2024
APJ,27-07-2024 09:00,61,63,77,293,,,25-07-2024,25-07-2024
APJ,27-07-2024 10:00,92,87,87,260,,,25-07-2024,25-07-2024
APJ,27-07-2024 11:00,49,50,77,223,,,25-07-2024,25-07-2024
APJ,27-07-2024 12:00,64,64,68,184,,,25-07-2024,25-07-2024
APJ,27-07-2024 13:00,63,62,52,145,,,25-07-2024,25-07-2024
APJ,27-07-2024 14:00,20,21,48,109,,,25-07-2024,25-07-2024
APJ,27-07-2024 15:00,45,36,40,77,,,25-07-2024,25-07-2024
APJ,27-07-2024 16:00,31,33,20,51,,,25-07-2024,25-07-2024
APJ,27-07-2024 17:00,18,17,12,31,,,25-07-2024,25-07-2024
APJ,27-07-2024 18:00,10,9,22,19,,,25-07-2024,25-07-2024
APJ,27-07-2024 19:00,3,3,10,14,,,25-07-2024,25-07-2024
APJ,27-07-2024 20:00,2,2,18,16,,,25-07-2024,25-07-2024
APJ,27-07-2024 21:00,7,8,18,24,,,25-07-2024,25-07-2024
APJ,27-07-2024 22:00,14,14,28,36,,,25-07-2024,25-07-2024
APJ,27-07-2024 23:00,17,17,54,53,,,25-07-2024,25-07-2024
APJ,28-07-2024 00:00,40,41,43,294,,,25-07-2024,25-07-2024
APJ,28-07-2024 01:00,57,56,70,308,,,25-07-2024,25-07-2024
APJ,28-07-2024 02:00,50,50,87,321,,,25-07-2024,25-07-2024
APJ,28-07-2024 03:00,69,69,70,330,,,25-07-2024,25-07-2024
APJ,28-07-2024 04:00,45,46,47,335,,,25-07-2024,25-07-2024
APJ,28-07-2024 05:00,48,48,76,334,,,25-07-2024,25-07-2024
APJ,28-07-2024 06:00,87,75,79,327,,,25-07-2024,25-07-2024
APJ,28-07-2024 07:00,65,65,99,313,,,25-07-2024,25-07-2024
APJ,28-07-2024 08:00,69,71,107,293,,,25-07-2024,25-07-2024
APJ,28-07-2024 09:00,82,74,73,267,,,25-07-2024,25-07-2024
APJ,28-07-2024 10:00,55,80,93,237,,,25-07-2024,25-07-2024
APJ,28-07-2024 11:00,55,58,84,203,,,25-07-2024,25-07-2024
APJ,28-07-2024 12:00,82,80,78,168,,,25-07-2024,25-07-2024
APJ,28-07-2024 13:00,103,88,66,133,,,25-07-2024,25-07-2024
APJ,28-07-2024 14:00,78,69,63,101,,,25-07-2024,25-07-2024
APJ,28-07-2024 15:00,25,32,56,72,,,25-07-2024,25-07-2024
APJ,28-07-2024 16:00,56,52,43,49,,,25-07-2024,25-07-2024
APJ,28-07-2024 17:00,12,12,38,32,,,25-07-2024,25-07-2024
APJ,28-07-2024 18:00,4,6,55,21,,,25-07-2024,25-07-2024
APJ,28-07-2024 19:00,4,7,42,18,,,25-07-2024,25-07-2024
APJ,28-07-2024 20:00,183,165,51,20,,,25-07-2024,25-07-2024
APJ,28-07-2024 21:00,9,66,51,28,,,25-07-2024,25-07-2024
APJ,28-07-2024 22:00,35,48,60,41,,,25-07-2024,25-07-2024
APJ,28-07-2024 23:00,71,71,86,57,,,25-07-2024,25-07-2024
APJ,29-07-2024 00:00,212,227,287,398,,,25-07-2024,25-07-2024
APJ,29-07-2024 01:00,565,619,604,422,,,25-07-2024,25-07-2024
APJ,29-07-2024 02:00,708,719,714,442,,,25-07-2024,25-07-2024
APJ,29-07-2024 03:00,589,584,604,457,,,25-07-2024,25-07-2024
APJ,29-07-2024 04:00,561,550,498,466,,,25-07-2024,25-07-2024
APJ,29-07-2024 05:00,625,623,587,467,,,25-07-2024,25-07-2024
APJ,29-07-2024 06:00,738,739,762,459,,,25-07-2024,25-07-2024
APJ,29-07-2024 07:00,712,698,806,442,,,25-07-2024,25-07-2024
APJ,29-07-2024 08:00,872,856,806,416,,,25-07-2024,25-07-2024
APJ,29-07-2024 09:00,629,618,655,383,,,25-07-2024,25-07-2024
APJ,29-07-2024 10:00,360,360,410,343,,,25-07-2024,25-07-2024
APJ,29-07-2024 11:00,345,342,262,299,,,25-07-2024,25-07-2024
APJ,29-07-2024 12:00,225,226,222,252,,,25-07-2024,25-07-2024
APJ,29-07-2024 13:00,152,158,161,206,,,25-07-2024,25-07-2024
APJ,29-07-2024 14:00,141,144,115,162,,,25-07-2024,25-07-2024
APJ,29-07-2024 15:00,88,86,76,123,,,25-07-2024,25-07-2024
APJ,29-07-2024 16:00,45,46,51,90,,,25-07-2024,25-07-2024
APJ,29-07-2024 17:00,37,36,20,64,,,25-07-2024,25-07-2024
APJ,29-07-2024 18:00,7,8,20,47,,,25-07-2024,25-07-2024
APJ,29-07-2024 19:00,10,11,20,38,,,25-07-2024,25-07-2024
APJ,29-07-2024 20:00,12,11,20,36,,,25-07-2024,25-07-2024
APJ,29-07-2024 21:00,20,20,20,41,,,25-07-2024,25-07-2024
APJ,29-07-2024 22:00,51,50,56,51,,,25-07-2024,25-07-2024
APJ,29-07-2024 23:00,106,104,107,66,,,25-07-2024,25-07-2024
APJ,30-07-2024 00:00,302,304,346,391,,,25-07-2024,25-07-2024
APJ,30-07-2024 01:00,640,644,663,415,,,25-07-2024,25-07-2024
APJ,30-07-2024 02:00,814,808,772,435,,,25-07-2024,25-07-2024
APJ,30-07-2024 03:00,683,679,694,450,,,25-07-2024,25-07-2024
APJ,30-07-2024 04:00,513,514,588,458,,,25-07-2024,25-07-2024
APJ,30-07-2024 05:00,531,591,681,459,,,25-07-2024,25-07-2024
APJ,30-07-2024 06:00,826,828,856,451,,,25-07-2024,25-07-2024
APJ,30-07-2024 07:00,909,912,900,434,,,25-07-2024,25-07-2024
APJ,30-07-2024 08:00,816,816,900,408,,,25-07-2024,25-07-2024
APJ,30-07-2024 09:00,770,762,776,374,,,25-07-2024,25-07-2024
APJ,30-07-2024 10:00,597,591,530,334,,,25-07-2024,25-07-2024
APJ,30-07-2024 11:00,376,379,382,290,,,25-07-2024,25-07-2024
APJ,30-07-2024 12:00,292,299,267,243,,,25-07-2024,25-07-2024
APJ,30-07-2024 13:00,169,168,189,196,,,25-07-2024,25-07-2024
APJ,30-07-2024 14:00,123,122,129,152,,,25-07-2024,25-07-2024
APJ,30-07-2024 15:00,64,63,84,113,,,25-07-2024,25-07-2024
APJ,30-07-2024 16:00,42,42,59,80,,,25-07-2024,25-07-2024
APJ,30-07-2024 17:00,23,23,29,54,,,25-07-2024,25-07-2024
APJ,30-07-2024 18:00,16,17,29,37,,,25-07-2024,25-07-2024
APJ,30-07-2024 19:00,16,17,28,28,,,25-07-2024,25-07-2024
APJ,30-07-2024 20:00,7,8,28,27,,,25-07-2024,25-07-2024
APJ,30-07-2024 21:00,29,30,28,32,,,25-07-2024,25-07-2024
APJ,30-07-2024 22:00,53,53,50,43,,,25-07-2024,25-07-2024
APJ,30-07-2024 23:00,114,114,96,59,,,25-07-2024,25-07-2024
APJ,31-07-2024 00:00,364,360,355,379,,,25-07-2024,25-07-2024
APJ,31-07-2024 01:00,726,724,672,402,,,25-07-2024,25-07-2024
APJ,31-07-2024 02:00,1080,1090,781,421,,,25-07-2024,25-07-2024
APJ,31-07-2024 03:00,895,908,707,435,,,25-07-2024,25-07-2024
APJ,31-07-2024 04:00,601,596,595,443,,,25-07-2024,25-07-2024
APJ,31-07-2024 05:00,864,839,687,444,,,25-07-2024,25-07-2024
APJ,31-07-2024 06:00,950,922,856,436,,,25-07-2024,25-07-2024
APJ,31-07-2024 07:00,974,974,900,419,,,25-07-2024,25-07-2024
APJ,31-07-2024 08:00,790,797,900,393,,,25-07-2024,25-07-2024
APJ,31-07-2024 09:00,742,748,776,360,,,25-07-2024,25-07-2024
APJ,31-07-2024 10:00,665,667,530,321,,,25-07-2024,25-07-2024
APJ,31-07-2024 11:00,346,343,382,277,,,25-07-2024,25-07-2024
APJ,31-07-2024 12:00,349,339,267,231,,,25-07-2024,25-07-2024
APJ,31-07-2024 13:00,170,170,189,185,,,25-07-2024,25-07-2024
APJ,31-07-2024 14:00,125,126,129,141,,,25-07-2024,25-07-2024
APJ,31-07-2024 15:00,100,99,84,102,,,25-07-2024,25-07-2024
APJ,31-07-2024 16:00,80,73,59,70,,,25-07-2024,25-07-2024
APJ,31-07-2024 17:00,51,45,29,45,,,25-07-2024,25-07-2024
APJ,31-07-2024 18:00,10,11,29,29,,,25-07-2024,25-07-2024
APJ,31-07-2024 19:00,19,21,28,20,,,25-07-2024,25-07-2024
APJ,31-07-2024 20:00,14,14,28,20,,,25-07-2024,25-07-2024
APJ,31-07-2024 21:00,23,23,28,26,,,25-07-2024,25-07-2024
APJ,31-07-2024 22:00,52,54,50,38,,,25-07-2024,25-07-2024
APJ,31-07-2024 23:00,130,126,96,54,,,25-07-2024,25-07-2024
APJ,01-08-2024 00:00,255,268,328,354,,,25-07-2024,25-07-2024
APJ,01-08-2024 01:00,700,707,659,374,,,25-07-2024,25-07-2024
APJ,01-08-2024 02:00,861,871,728,391,,,25-07-2024,25-07-2024
DAO,25-07-2024 05:00,249,261,261,283,,,25-07-2024,25-07-2024
DAO,25-07-2024 06:00,229,231,261,277,,,25-07-2024,25-07-2024
DAO,25-07-2024 07:00,223,224,196,285,,,25-07-2024,25-07-2024
DAO,25-07-2024 08:00,204,191,193,309,,,25-07-2024,25-07-2024
DAO,25-07-2024 09:00,208,209,193,347,,,25-07-2024,25-07-2024
DAO,25-07-2024 10:00,121,128,193,400,,,25-07-2024,25-07-2024
DAO,25-07-2024 11:00,394,405,367,463,,,25-07-2024,25-07-2024
DAO,25-07-2024 12:00,762,804,900,535,,,25-07-2024,25-07-2024
DAO,25-07-2024 13:00,1612,1726,1708,611,,,25-07-2024,25-07-2024
DAO,25-07-2024 14:00,2167,2276,2375,689,,,25-07-2024,25-07-2024
DAO,25-07-2024 15:00,2698,2691,2902,763,,,25-07-2024,25-07-2024
DAO,25-07-2024 16:00,2333,2387,2931,830,,,25-07-2024,25-07-2024
DAO,25-07-2024 17:00,2141,2039,2779,888,,,25-07-2024,25-07-2024
DAO,25-07-2024 18:00,2572,2623,2901,934,,,25-07-2024,25-07-2024
DAO,25-07-2024 19:00,1350,1508,2921,967,,,25-07-2024,25-07-2024
DAO,25-07-2024 20:00,2499,2472,2922,987,,,25-07-2024,25-07-2024
DAO,25-07-2024 21:00,3026,3213,2619,994,,,25-07-2024,25-07-2024
DAO,25-07-2024 22:00,1824,1819,1963,990,,,25-07-2024,25-07-2024
DAO,25-07-2024 23:00,1139,1144,1214,976,,,25-07-2024,25-07-2024
DAO,26-07-2024 00:00,733,740,821,444,,,25-07-2024,25-07-2024
DAO,26-07-2024 01:00,650,725,702,402,,,25-07-2024,25-07-2024
DAO,26-07-2024 02:00,690,711,567,361,,,25-07-2024,25-07-2024
DAO,26-07-2024 03:00,355,363,570,325,,,25-07-2024,25-07-2024
DAO,26-07-2024 04:00,462,465,311,295,,,25-07-2024,25-07-2024
DAO,26-07-2024 05:00,390,372,236,275,,,25-07-2024,25-07-2024
DAO,26-07-2024 06:00,162,184,236,267,,,25-07-2024,25-07-2024
DAO,26-07-2024 07:00,111,120,162,274,,,25-07-2024,25-07-2024
DAO,26-07-2024 08:00,151,148,160,295,,,25-07-2024,25-07-2024
DAO,26-07-2024 09:00,134,134,160,331,,,25-07-2024,25-07-2024
DAO,26-07-2024 10:00,214,191,160,380,,,25-07-2024,25-07-2024
DAO,26-07-2024 11:00,338,342,319,441,,,25-07-2024,25-07-2024
DAO,26-07-2024 12:00,833,835,852,509,,,25-07-2024,25-07-2024
DAO,26-07-2024 13:00,1710,1712,1651,583,,,25-07-2024,25-07-2024
DAO,26-07-2024 14:00,2217,2260,2311,658,,,25-07-2024,25-07-2024
DAO,26-07-2024 15:00,3113,3084,2719,730,,,25-07-2024,25-07-2024
DAO,26-07-2024 16:00,3019,3033,2739,796,,,25-07-2024,25-07-2024
DAO,26-07-2024 17:00,2600,2619,2587,853,,,25-07-2024,25-07-2024
DAO,26-07-2024 18:00,2605,2610,2716,898,,,25-07-2024,25-07-2024
DAO,26-07-2024 19:00,2603,2588,2737,932,,,25-07-2024,25-07-2024
DAO,26-07-2024 20:00,1744,2053,2737,953,,,25-07-2024,25-07-2024
DAO,26-07-2024 21:00,2249,2259,2427,961,,,25-07-2024,25-07-2024
DAO,26-07-2024 22:00,1937,1972,1771,959,,,25-07-2024,25-07-2024
DAO,26-07-2024 23:00,962,988,1119,947,,,25-07-2024,25-07-2024
DAO,27-07-2024 00:00,707,692,706,445,,,25-07-2024,25-07-2024
DAO,27-07-2024 01:00,414,434,565,403,,,25-07-2024,25-07-2024
DAO,27-07-2024 02:00,350,365,397,362,,,25-07-2024,25-07-2024
DAO,27-07-2024 03:00,291,292,399,325,,,25-07-2024,25-07-2024
DAO,27-07-2024 04:00,184,180,199,295,,,25-07-2024,25-07-2024
DAO,27-07-2024 05:00,120,138,124,274,,,25-07-2024,25-07-2024
DAO,27-07-2024 06:00,475,468,124,265,,,25-07-2024,25-07-2024
DAO,27-07-2024 07:00,71,74,51,269,,,25-07-2024,25-07-2024
DAO,27-07-2024 08:00,35,39,44,287,,,25-07-2024,25-07-2024
DAO,27-07-2024 09:00,50,47,44,320,,,25-07-2024,25-07-2024
DAO,27-07-2024 10:00,60,59,44,366,,,25-07-2024,25-07-2024
DAO,27-07-2024 11:00,69,70,144,422,,,25-07-2024,25-07-2024
DAO,27-07-2024 12:00,130,136,217,487,,,25-07-2024,25-07-2024
DAO,27-07-2024 13:00,218,219,230,557,,,25-07-2024,25-07-2024
DAO,27-07-2024 14:00,278,282,343,628,,,25-07-2024,25-07-2024
DAO,27-07-2024 15:00,422,414,362,696,,,25-07-2024,25-07-2024
DAO,27-07-2024 16:00,549,538,445,759,,,25-07-2024,25-07-2024
DAO,27-07-2024 17:00,383,399,328,814,,,25-07-2024,25-07-2024
DAO,27-07-2024 18:00,504,485,431,859,,,25-07-2024,25-07-2024
DAO,27-07-2024 19:00,378,380,417,892,,,25-07-2024,25-07-2024
DAO,27-07-2024 20:00,402,400,403,913,,,25-07-2024,25-07-2024
DAO,27-07-2024 21:00,346,354,364,923,,,25-07-2024,25-07-2024
DAO,27-07-2024 22:00,350,352,254,922,,,25-07-2024,25-07-2024
DAO,27-07-2024 23:00,333,331,326,913,,,25-07-2024,25-07-2024
DAO,28-07-2024 00:00,291,290,300,449,,,25-07-2024,25-07-2024
DAO,28-07-2024 01:00,277,288,407,408,,,25-07-2024,25-07-2024
DAO,28-07-2024 02:00,236,246,279,368,,,25-07-2024,25-07-2024
DAO,28-07-2024 03:00,386,389,282,332,,,25-07-2024,25-07-2024
DAO,28-07-2024 04:00,170,166,149,301,,,25-07-2024,25-07-2024
DAO,28-07-2024 05:00,105,108,87,280,,,25-07-2024,25-07-2024
DAO,28-07-2024 06:00,158,167,87,269,,,25-07-2024,25-07-2024
DAO,28-07-2024 07:00,35,37,13,272,,,25-07-2024,25-07-2024
DAO,28-07-2024 08:00,17,20,7,287,,,25-07-2024,25-07-2024
DAO,28-07-2024 09:00,27,24,7,316,,,25-07-2024,25-07-2024
DAO,28-07-2024 10:00,66,43,7,357,,,25-07-2024,25-07-2024
DAO,28-07-2024 11:00,66,61,107,409,,,25-07-2024,25-07-2024
DAO,28-07-2024 12:00,116,109,179,469,,,25-07-2024,25-07-2024
DAO,28-07-2024 13:00,185,178,197,533,,,25-07-2024,25-07-2024
DAO,28-07-2024 14:00,310,300,334,599,,,25-07-2024,25-07-2024
DAO,28-07-2024 15:00,302,313,407,663,,,25-07-2024,25-07-2024
DAO,28-07-2024 16:00,492,445,490,723,,,25-07-2024,25-07-2024
DAO,28-07-2024 17:00,306,357,373,774,,,25-07-2024,25-07-2024
DAO,28-07-2024 18:00,894,779,485,817,,,25-07-2024,25-07-2024
DAO,28-07-2024 19:00,427,480,471,849,,,25-07-2024,25-07-2024
DAO,28-07-2024 20:00,799,820,457,870,,,25-07-2024,25-07-2024
DAO,28-07-2024 21:00,1016,1000,418,881,,,25-07-2024,25-07-2024
DAO,28-07-2024 22:00,397,466,308,883,,,25-07-2024,25-07-2024
DAO,28-07-2024 23:00,418,419,380,876,,,25-07-2024,25-07-2024
DAO,29-07-2024 00:00,424,427,585,474,,,25-07-2024,25-07-2024
DAO,29-07-2024 01:00,419,414,545,438,,,25-07-2024,25-07-2024
DAO,29-07-2024 02:00,413,415,437,404,,,25-07-2024,25-07-2024
DAO,29-07-2024 03:00,313,313,437,374,,,25-07-2024,25-07-2024
DAO,29-07-2024 04:00,233,232,256,352,,,25-07-2024,25-07-2024
DAO,29-07-2024 05:00,169,199,268,340,,,25-07-2024,25-07-2024
DAO,29-07-2024 06:00,327,358,268,339,,,25-07-2024,25-07-2024
DAO,29-07-2024 07:00,136,136,227,353,,,25-07-2024,25-07-2024
DAO,29-07-2024 08:00,156,155,225,380,,,25-07-2024,25-07-2024
DAO,29-07-2024 09:00,111,112,225,422,,,25-07-2024,25-07-2024
DAO,29-07-2024 10:00,107,106,225,476,,,25-07-2024,25-07-2024
DAO,29-07-2024 11:00,399,406,418,541,,,25-07-2024,25-07-2024
DAO,29-07-2024 12:00,859,871,995,613,,,25-07-2024,25-07-2024
DAO,29-07-2024 13:00,1789,1792,1803,689,,,25-07-2024,25-07-2024
DAO,29-07-2024 14:00,2331,2326,2480,765,,,25-07-2024,25-07-2024
DAO,29-07-2024 15:00,3180,3161,3025,836,,,25-07-2024,25-07-2024
DAO,29-07-2024 16:00,3508,3500,3095,901,,,25-07-2024,25-07-2024
DAO,29-07-2024 17:00,2872,2856,2906,955,,,25-07-2024,25-07-2024
DAO,29-07-2024 18:00,3136,3158,3016,997,,,25-07-2024,25-07-2024
DAO,29-07-2024 19:00,2970,2981,3036,1026,,,25-07-2024,25-07-2024
DAO,29-07-2024 20:00,2929,2943,3037,1042,,,25-07-2024,25-07-2024
DAO,29-07-2024 21:00,2632,2631,2605,1044,,,25-07-2024,25-07-2024
DAO,29-07-2024 22:00,1842,1857,1950,1035,,,25-07-2024,25-07-2024
DAO,29-07-2024 23:00,1304,1275,1185,1016,,,25-07-2024,25-07-2024
DAO,30-07-2024 00:00,1042,1051,985,462,,,25-07-2024,25-07-2024
DAO,30-07-2024 01:00,826,829,877,424,,,25-07-2024,25-07-2024
DAO,30-07-2024 02:00,734,731,661,387,,,25-07-2024,25-07-2024
DAO,30-07-2024 03:00,416,425,661,355,,,25-07-2024,25-07-2024
DAO,30-07-2024 04:00,304,299,387,330,,,25-07-2024,25-07-2024
DAO,30-07-2024 05:00,217,205,314,316,,,25-07-2024,25-07-2024
DAO,30-07-2024 06:00,183,198,314,314,,,25-07-2024,25-07-2024
DAO,30-07-2024 07:00,148,149,274,326,,,25-07-2024,25-07-2024
DAO,30-07-2024 08:00,201,198,271,353,,,25-07-2024,25-07-2024
DAO,30-07-2024 09:00,163,166,271,394,,,25-07-2024,25-07-2024
DAO,30-07-2024 10:00,201,196,271,449,,,25-07-2024,25-07-2024
DAO,30-07-2024 11:00,459,463,449,515,,,25-07-2024,25-07-2024
DAO,30-07-2024 12:00,1182,1189,1026,588,,,25-07-2024,25-07-2024
DAO,30-07-2024 13:00,1848,1853,1834,666,,,25-07-2024,25-07-2024
DAO,30-07-2024 14:00,2806,2830,2501,744,,,25-07-2024,25-07-2024
DAO,30-07-2024 15:00,3335,3344,3027,818,,,25-07-2024,25-07-2024
DAO,30-07-2024 16:00,4080,3975,3106,884,,,25-07-2024,25-07-2024
DAO,30-07-2024 17:00,2653,2769,2917,941,,,25-07-2024,25-07-2024
DAO,30-07-2024 18:00,3280,3269,3027,985,,,25-07-2024,25-07-2024
DAO,30-07-2024 19:00,3694,3645,3048,1016,,,25-07-2024,25-07-2024
DAO,30-07-2024 20:00,3062,3096,3048,1033,,,25-07-2024,25-07-2024
DAO,30-07-2024 21:00,2334,2371,2611,1037,,,25-07-2024,25-07-2024
DAO,30-07-2024 22:00,1700,1688,1955,1029,,,25-07-2024,25-07-2024
DAO,30-07-2024 23:00,1107,1115,1187,1011,,,25-07-2024,25-07-2024
DAO,31-07-2024 00:00,1157,1116,991,453,,,25-07-2024,25-07-2024
DAO,31-07-2024 01:00,1431,1372,883,413,,,25-07-2024,25-07-2024
DAO,31-07-2024 02:00,676,698,667,374,,,25-07-2024,25-07-2024
DAO,31-07-2024 03:00,416,453,667,340,,,25-07-2024,25-07-2024
DAO,31-07-2024 04:00,427,406,394,313,,,25-07-2024,25-07-2024
DAO,31-07-2024 05:00,244,243,318,297,,,25-07-2024,25-07-2024
DAO,31-07-2024 06:00,424,387,318,293,,,25-07-2024,25-07-2024
DAO,31-07-2024 07:00,124,129,278,303,,,25-07-2024,25-07-2024
DAO,31-07-2024 08:00,152,154,275,329,,,25-07-2024,25-07-2024
DAO,31-07-2024 09:00,191,187,275,369,,,25-07-2024,25-07-2024
DAO,31-07-2024 10:00,161,174,275,423,,,25-07-2024,25-07-2024
DAO,31-07-2024 11:00,396,395,449,488,,,25-07-2024,25-07-2024
DAO,31-07-2024 12:00,1107,1113,1026,562,,,25-07-2024,25-07-2024
DAO,31-07-2024 13:00,1938,1909,1834,639,,,25-07-2024,25-07-2024
DAO,31-07-2024 14:00,2442,2460,2501,718,,,25-07-2024,25-07-2024
DAO,31-07-2024 15:00,3118,3115,3027,792,,,25-07-2024,25-07-2024
DAO,31-07-2024 16:00,3745,3663,3106,860,,,25-07-2024,25-07-2024
DAO,31-07-2024 17:00,3128,3108,2917,918,,,25-07-2024,25-07-2024
DAO,31-07-2024 18:00,3013,3007,3027,964,,,25-07-2024,25-07-2024
DAO,31-07-2024 19:00,3694,3569,3048,996,,,25-07-2024,25-07-2024
DAO,31-07-2024 20:00,3022,3029,3048,1014,,,25-07-2024,25-07-2024
DAO,31-07-2024 21:00,2760,2736,2610,1020,,,25-07-2024,25-07-2024
DAO,31-07-2024 22:00,1691,1741,1955,1014,,,25-07-2024,25-07-2024
DAO,31-07-2024 23:00,1328,1280,1206,998,,,25-07-2024,25-07-2024
DAO,01-08-2024 00:00,830,804,946,458,,,25-07-2024,25-07-2024
DAO,01-08-2024 01:00,1919,1820,838,418,,,25-07-2024,25-07-2024
DAO,01-08-2024 02:00,821,823,610,381,,,25-07-2024,25-07-2024
